id,relative_path,label,label_name,brand,page_type,screenshot_type,url
0b8ee7209f055ecb,legitimate/edu/unknown/56f71b72/desktop.png,0,legitimate,edu,unknown,desktop,http://www.ntust.edu.tw/home.php?Lang=en
829c6c28bb41d344,legitimate/edu/unknown/56f71b72/mobile.png,0,legitimate,edu,unknown,mobile,http://www.ntust.edu.tw/home.php?Lang=en
9416c5c686ee85dd,legitimate/edu/unknown/56f71b72/fullpage.png,0,legitimate,edu,unknown,fullpage,http://www.ntust.edu.tw/home.php?Lang=en
53cdf7201037658d,legitimate/edu/homepage/ced17def/desktop.png,0,legitimate,edu,homepage,desktop,http://www.unitru.edu.pe
dba6da763862a2b2,legitimate/edu/homepage/ced17def/mobile.png,0,legitimate,edu,homepage,mobile,http://www.unitru.edu.pe
b6b4c2371ebb3acb,legitimate/edu/homepage/ced17def/fullpage.png,0,legitimate,edu,homepage,fullpage,http://www.unitru.edu.pe
b748586dcf9ccc1a,legitimate/edu/homepage/ced17def/above_fold.png,0,legitimate,edu,homepage,above_fold,http://www.unitru.edu.pe
799a9fc60b9b0c47,legitimate/maternews/homepage/03dfb316/desktop.png,0,legitimate,@MaterNews,homepage,desktop,http://research.mater.org.au
462fb1de7898aa8c,legitimate/maternews/homepage/03dfb316/mobile.png,0,legitimate,@MaterNews,homepage,mobile,http://research.mater.org.au
39727767544f81d0,legitimate/maternews/homepage/03dfb316/fullpage.png,0,legitimate,@MaterNews,homepage,fullpage,http://research.mater.org.au
7759e7034238a524,legitimate/maternews/homepage/03dfb316/above_fold.png,0,legitimate,@MaterNews,homepage,above_fold,http://research.mater.org.au
3574a5836718f278,legitimate/home/homepage/2fe9cdf6/desktop.png,0,legitimate,Home,homepage,desktop,http://www.artannlabs.com
15625ba903ee9b34,legitimate/home/homepage/2fe9cdf6/mobile.png,0,legitimate,Home,homepage,mobile,http://www.artannlabs.com
de61370112d2a909,legitimate/home/homepage/2fe9cdf6/fullpage.png,0,legitimate,Home,homepage,fullpage,http://www.artannlabs.com
50a4be4d0ebd61be,legitimate/home/homepage/2fe9cdf6/above_fold.png,0,legitimate,Home,homepage,above_fold,http://www.artannlabs.com
e0a7baff331896ba,legitimate/home/unknown/d6b427ca/desktop.png,0,legitimate,Home,unknown,desktop,http://www.consorzio-cini.it/index.php/en/
e3748f6b8bfa8ecf,legitimate/home/unknown/d6b427ca/mobile.png,0,legitimate,Home,unknown,mobile,http://www.consorzio-cini.it/index.php/en/
a0353ac85b862173,legitimate/home/unknown/d6b427ca/fullpage.png,0,legitimate,Home,unknown,fullpage,http://www.consorzio-cini.it/index.php/en/
bcbab1873d0dcec8,legitimate/home/unknown/d6b427ca/above_fold.png,0,legitimate,Home,unknown,above_fold,http://www.consorzio-cini.it/index.php/en/
eaf7dc20a06a5852,legitimate/home/homepage/87c30b37/desktop.png,0,legitimate,Home,homepage,desktop,http://home.upei.ca
5cbbd342f0120989,legitimate/home/homepage/87c30b37/mobile.png,0,legitimate,Home,homepage,mobile,http://home.upei.ca
659837fc059f62b0,legitimate/home/homepage/87c30b37/fullpage.png,0,legitimate,Home,homepage,fullpage,http://home.upei.ca
4ee8ddcb7a4d55f4,legitimate/home/homepage/87c30b37/above_fold.png,0,legitimate,Home,homepage,above_fold,http://home.upei.ca
79d8cfdf52b6d97b,legitimate/home/account/11cfec75/desktop.png,0,legitimate,Home,account,desktop,http://www.artannlabs.com/technologies/temperature-profile-spectroscopy.html
feb2dfe250996e56,legitimate/home/account/11cfec75/fullpage.png,0,legitimate,Home,account,fullpage,http://www.artannlabs.com/technologies/temperature-profile-spectroscopy.html
8f706b5f321d1cc4,legitimate/home/account/11cfec75/above_fold.png,0,legitimate,Home,account,above_fold,http://www.artannlabs.com/technologies/temperature-profile-spectroscopy.html
a47a342d50152f86,legitimate/home/homepage/1d748e66/desktop.png,0,legitimate,Home,homepage,desktop,http://www.hsva.de
2aa0d4b0fe088f25,legitimate/home/homepage/1d748e66/mobile.png,0,legitimate,Home,homepage,mobile,http://www.hsva.de
43cff518347942a4,legitimate/home/homepage/1d748e66/fullpage.png,0,legitimate,Home,homepage,fullpage,http://www.hsva.de
46c86bd18819b53c,legitimate/home/homepage/1d748e66/above_fold.png,0,legitimate,Home,homepage,above_fold,http://www.hsva.de
a042c86bcd26e726,legitimate/home/signup/46d9e72b/desktop.png,0,legitimate,Home,signup,desktop,https://www.shu.ac.uk/clearing/signup
2ae81c38a7d06420,legitimate/home/signup/46d9e72b/fullpage.png,0,legitimate,Home,signup,fullpage,https://www.shu.ac.uk/clearing/signup
332c017f58ddf196,legitimate/home/signup/46d9e72b/above_fold.png,0,legitimate,Home,signup,above_fold,https://www.shu.ac.uk/clearing/signup
b976efe2d01f9cb4,legitimate/home/homepage/dd746e81/desktop.png,0,legitimate,Home,homepage,desktop,http://www.bidmc.org
b39edc429a1eff9a,legitimate/home/homepage/dd746e81/mobile.png,0,legitimate,Home,homepage,mobile,http://www.bidmc.org
7e3f2bf5ea36799a,legitimate/home/homepage/dd746e81/fullpage.png,0,legitimate,Home,homepage,fullpage,http://www.bidmc.org
7c317a85926c8f8b,legitimate/home/homepage/dd746e81/above_fold.png,0,legitimate,Home,homepage,above_fold,http://www.bidmc.org
b39d361f5d71e68c,legitimate/home/homepage/26e11777/desktop.png,0,legitimate,Home,homepage,desktop,http://www.csu.edu.au
a6e891ede1a1eb7f,legitimate/home/homepage/26e11777/mobile.png,0,legitimate,Home,homepage,mobile,http://www.csu.edu.au
cabc36f579df4f46,legitimate/home/homepage/26e11777/fullpage.png,0,legitimate,Home,homepage,fullpage,http://www.csu.edu.au
5d295051f6225015,legitimate/home/homepage/26e11777/above_fold.png,0,legitimate,Home,homepage,above_fold,http://www.csu.edu.au
4ef897c13646c5fd,legitimate/home/homepage/5f419231/desktop.png,0,legitimate,Home,homepage,desktop,http://gladstone.org
c925c0407e978e6d,legitimate/home/homepage/5f419231/mobile.png,0,legitimate,Home,homepage,mobile,http://gladstone.org
154e1f93be6153a2,legitimate/home/homepage/5f419231/fullpage.png,0,legitimate,Home,homepage,fullpage,http://gladstone.org
2877151b00f7941c,legitimate/home/homepage/5f419231/above_fold.png,0,legitimate,Home,homepage,above_fold,http://gladstone.org
f77b29bf33c70c84,legitimate/home/signup/347371bb/desktop.png,0,legitimate,Home,signup,desktop,https://ertico.com/subscribe-to-our-newsletter
8d23041df8e7807f,legitimate/home/signup/347371bb/fullpage.png,0,legitimate,Home,signup,fullpage,https://ertico.com/subscribe-to-our-newsletter
554353c8f6d276d2,legitimate/home/signup/347371bb/above_fold.png,0,legitimate,Home,signup,above_fold,https://ertico.com/subscribe-to-our-newsletter
478cf6ebd5a89053,legitimate/home/unknown/a17b398d/desktop.png,0,legitimate,Home,unknown,desktop,http://www.bprc.nl/en/home/
06a3cb3ececbf65c,legitimate/home/unknown/a17b398d/mobile.png,0,legitimate,Home,unknown,mobile,http://www.bprc.nl/en/home/
bb214dba297314b3,legitimate/home/unknown/a17b398d/fullpage.png,0,legitimate,Home,unknown,fullpage,http://www.bprc.nl/en/home/
52763ca72cbcfec0,legitimate/home/unknown/a17b398d/above_fold.png,0,legitimate,Home,unknown,above_fold,http://www.bprc.nl/en/home/
28909bea3b3b1a42,legitimate/homepage/a9ae848b/desktop.png,0,legitimate,昆明理工大学英文门户网站,homepage,desktop,http://english.kmust.edu.cn
183d7d8976054669,legitimate/homepage/a9ae848b/mobile.png,0,legitimate,昆明理工大学英文门户网站,homepage,mobile,http://english.kmust.edu.cn
31c6307b0217fe6c,legitimate/homepage/a9ae848b/fullpage.png,0,legitimate,昆明理工大学英文门户网站,homepage,fullpage,http://english.kmust.edu.cn
373e815ea6c37bd4,legitimate/homepage/a9ae848b/above_fold.png,0,legitimate,昆明理工大学英文门户网站,homepage,above_fold,http://english.kmust.edu.cn
e687d350559f5193,legitimate/homepage/cd4dc061/desktop.png,0,legitimate,Αρχική,homepage,desktop,https://www.epipsi.gr
04f6629ad0357d0e,legitimate/homepage/cd4dc061/mobile.png,0,legitimate,Αρχική,homepage,mobile,https://www.epipsi.gr
96d58ff60e60225d,legitimate/homepage/cd4dc061/fullpage.png,0,legitimate,Αρχική,homepage,fullpage,https://www.epipsi.gr
7ac5c000fcbb8c0c,legitimate/homepage/cd4dc061/above_fold.png,0,legitimate,Αρχική,homepage,above_fold,https://www.epipsi.gr
fcac7492a1e63ff8,legitimate/homepage/7e761446/desktop.png,0,legitimate,Національний університет «Одеська політехніка»,homepage,desktop,http://opu.ua
78a0a3c6450599d7,legitimate/homepage/7e761446/mobile.png,0,legitimate,Національний університет «Одеська політехніка»,homepage,mobile,http://opu.ua
cb35d5dd89e6fe6c,legitimate/homepage/7e761446/fullpage.png,0,legitimate,Національний університет «Одеська політехніка»,homepage,fullpage,http://opu.ua
a3107c740e8a694e,legitimate/homepage/7e761446/above_fold.png,0,legitimate,Національний університет «Одеська політехніка»,homepage,above_fold,http://opu.ua
1e88f390b4fd27c5,legitimate/homepage/d682339f/desktop.png,0,legitimate,国立環境研究所,homepage,desktop,https://www.nies.go.jp
450cdf991647233a,legitimate/homepage/d682339f/mobile.png,0,legitimate,国立環境研究所,homepage,mobile,https://www.nies.go.jp
996f7d3aa1bd7310,legitimate/homepage/d682339f/fullpage.png,0,legitimate,国立環境研究所,homepage,fullpage,https://www.nies.go.jp
87b5a2859bf6a51d,legitimate/homepage/d682339f/above_fold.png,0,legitimate,国立環境研究所,homepage,above_fold,https://www.nies.go.jp
4f92dbc19f394cae,legitimate/homepage/bf8290b9/desktop.png,0,legitimate,日本学術振興会,homepage,desktop,http://www.jsps.go.jp
d0c3e1aa075cb1c7,legitimate/homepage/bf8290b9/mobile.png,0,legitimate,日本学術振興会,homepage,mobile,http://www.jsps.go.jp
b04663c02b22076d,legitimate/homepage/bf8290b9/fullpage.png,0,legitimate,日本学術振興会,homepage,fullpage,http://www.jsps.go.jp
38fc40ed41c199bc,legitimate/homepage/bf8290b9/above_fold.png,0,legitimate,日本学術振興会,homepage,above_fold,http://www.jsps.go.jp
9649cd102ab2fe8b,legitimate/homepage/9e0327e4/desktop.png,0,legitimate,Майчин Дом | София,homepage,desktop,https://maichindom.com
d90ad333eeb04a01,legitimate/homepage/9e0327e4/mobile.png,0,legitimate,Майчин Дом | София,homepage,mobile,https://maichindom.com
fd0be3994c715f3c,legitimate/homepage/9e0327e4/fullpage.png,0,legitimate,Майчин Дом | София,homepage,fullpage,https://maichindom.com
cea6ca39ebc6734c,legitimate/homepage/9e0327e4/above_fold.png,0,legitimate,Майчин Дом | София,homepage,above_fold,https://maichindom.com
39ba8db30149c25d,legitimate/account/58814244/desktop.png,0,legitimate,長庚大學-長庚中文站台,account,desktop,https://www.cgu.edu.tw/accounting/Contents?nodeId=12591
ae0f96d49676e87d,legitimate/account/58814244/fullpage.png,0,legitimate,長庚大學-長庚中文站台,account,fullpage,https://www.cgu.edu.tw/accounting/Contents?nodeId=12591
d205d798fd95ff16,legitimate/account/58814244/above_fold.png,0,legitimate,長庚大學-長庚中文站台,account,above_fold,https://www.cgu.edu.tw/accounting/Contents?nodeId=12591
c816d5fe96be722c,legitimate/homepage/6145a576/desktop.png,0,legitimate,長庚大學-長庚中文站台,homepage,desktop,http://www.cgu.edu.tw
4694c2d8f90298d5,legitimate/homepage/6145a576/mobile.png,0,legitimate,長庚大學-長庚中文站台,homepage,mobile,http://www.cgu.edu.tw
8cf368f0d58cfea8,legitimate/homepage/6145a576/fullpage.png,0,legitimate,長庚大學-長庚中文站台,homepage,fullpage,http://www.cgu.edu.tw
a78117c0b253f22b,legitimate/homepage/6145a576/above_fold.png,0,legitimate,長庚大學-長庚中文站台,homepage,above_fold,http://www.cgu.edu.tw
33d91d03f61724f3,legitimate/homepage/21425cd4/desktop.png,0,legitimate,КубГУ,homepage,desktop,https://www.kubsu.ru
5214e6105240a7a5,legitimate/homepage/21425cd4/mobile.png,0,legitimate,КубГУ,homepage,mobile,https://www.kubsu.ru
e2e3cb9744664cdd,legitimate/homepage/21425cd4/fullpage.png,0,legitimate,КубГУ,homepage,fullpage,https://www.kubsu.ru
3cc884ed21089b89,legitimate/homepage/21425cd4/above_fold.png,0,legitimate,КубГУ,homepage,above_fold,https://www.kubsu.ru
aa660eab24efc338,legitimate/homepage/b805a221/desktop.png,0,legitimate,Лесотехнически Университет,homepage,desktop,https://ltu.bg
1575e3dfaafe6f5f,legitimate/homepage/b805a221/mobile.png,0,legitimate,Лесотехнически Университет,homepage,mobile,https://ltu.bg
18ae98b4f684ac7e,legitimate/homepage/b805a221/fullpage.png,0,legitimate,Лесотехнически Университет,homepage,fullpage,https://ltu.bg
26b5a2c7bb28bf1e,legitimate/homepage/b805a221/above_fold.png,0,legitimate,Лесотехнически Университет,homepage,above_fold,https://ltu.bg
eedd32c377b087d4,legitimate/unknown/118ca7d1/desktop.png,0,legitimate,Официальный сайт Казахстанско,unknown,desktop,https://dku.kz
ad8ecf180305c545,legitimate/unknown/118ca7d1/mobile.png,0,legitimate,Официальный сайт Казахстанско,unknown,mobile,https://dku.kz
571e24df62095403,legitimate/unknown/118ca7d1/fullpage.png,0,legitimate,Официальный сайт Казахстанско,unknown,fullpage,https://dku.kz
043514aa5cb8716e,legitimate/unknown/118ca7d1/above_fold.png,0,legitimate,Официальный сайт Казахстанско,unknown,above_fold,https://dku.kz
4f96460ca4633a71,legitimate/rio_tinto/homepage/a96db0ee/desktop.png,0,legitimate,Rio Tinto,homepage,desktop,http://www.riotinto.com
72c6dd32798def8a,legitimate/rio_tinto/homepage/a96db0ee/mobile.png,0,legitimate,Rio Tinto,homepage,mobile,http://www.riotinto.com
cb5104166cb68778,legitimate/rio_tinto/homepage/a96db0ee/fullpage.png,0,legitimate,Rio Tinto,homepage,fullpage,http://www.riotinto.com
c748f8727576d93f,legitimate/rio_tinto/homepage/a96db0ee/above_fold.png,0,legitimate,Rio Tinto,homepage,above_fold,http://www.riotinto.com
bef6477cd24c7249,legitimate/bayside_health_alfred/unknown/6523917e/desktop.png,0,legitimate,Bayside Health (Alfred),unknown,desktop,https://www.alfredhealth.org.au/the-alfred
51a1d26c4dff27bc,legitimate/bayside_health_alfred/unknown/6523917e/mobile.png,0,legitimate,Bayside Health (Alfred),unknown,mobile,https://www.alfredhealth.org.au/the-alfred
665d79a2df5d9962,legitimate/bayside_health_alfred/unknown/6523917e/fullpage.png,0,legitimate,Bayside Health (Alfred),unknown,fullpage,https://www.alfredhealth.org.au/the-alfred
5fa93e50ad6ee103,legitimate/bayside_health_alfred/unknown/6523917e/above_fold.png,0,legitimate,Bayside Health (Alfred),unknown,above_fold,https://www.alfredhealth.org.au/the-alfred
e4a094b23adff715,legitimate/university_of_groningen/account/f551479d/desktop.png,0,legitimate,University of Groningen,account,desktop,https://www.rug.nl/about-ug/profile/
0bab14b82e397f77,legitimate/university_of_groningen/account/f551479d/fullpage.png,0,legitimate,University of Groningen,account,fullpage,https://www.rug.nl/about-ug/profile/
cf03def73b0636fe,legitimate/university_of_groningen/account/f551479d/above_fold.png,0,legitimate,University of Groningen,account,above_fold,https://www.rug.nl/about-ug/profile/
bbcfc7a5e5ff6e77,legitimate/university_of_groningen/homepage/a27974ac/desktop.png,0,legitimate,University of Groningen,homepage,desktop,http://www.rug.nl
54175509d3c50542,legitimate/university_of_groningen/homepage/a27974ac/mobile.png,0,legitimate,University of Groningen,homepage,mobile,http://www.rug.nl
61f2bc743218012e,legitimate/university_of_groningen/homepage/a27974ac/fullpage.png,0,legitimate,University of Groningen,homepage,fullpage,http://www.rug.nl
3da0df821dc5b3ea,legitimate/university_of_groningen/homepage/a27974ac/above_fold.png,0,legitimate,University of Groningen,homepage,above_fold,http://www.rug.nl
3173cb102c15742e,legitimate/university_of_mannheim/unknown/78829924/desktop.png,0,legitimate,University of Mannheim,unknown,desktop,https://www.uni-mannheim.de/en/
4fcc7116ea7f80df,legitimate/university_of_mannheim/unknown/78829924/mobile.png,0,legitimate,University of Mannheim,unknown,mobile,https://www.uni-mannheim.de/en/
8f289317c3f0d8b6,legitimate/university_of_mannheim/unknown/78829924/fullpage.png,0,legitimate,University of Mannheim,unknown,fullpage,https://www.uni-mannheim.de/en/
83dcad36f2b59922,legitimate/university_of_mannheim/unknown/78829924/above_fold.png,0,legitimate,University of Mannheim,unknown,above_fold,https://www.uni-mannheim.de/en/
cb5c460adf2a7322,legitimate/arttic/unknown/37eb92e3/desktop.png,0,legitimate,arttic,unknown,desktop,http://www.arttic.eu/pages/en/home.php
68c881dd0fcd1dc2,legitimate/arttic/unknown/37eb92e3/mobile.png,0,legitimate,arttic,unknown,mobile,http://www.arttic.eu/pages/en/home.php
f8c6dd8f65ae2727,legitimate/arttic/unknown/37eb92e3/fullpage.png,0,legitimate,arttic,unknown,fullpage,http://www.arttic.eu/pages/en/home.php
3468a1405857a981,legitimate/arttic/unknown/37eb92e3/above_fold.png,0,legitimate,arttic,unknown,above_fold,http://www.arttic.eu/pages/en/home.php
8ae96af6f3c4cbe6,legitimate/multitel/homepage/d8d95bdf/desktop.png,0,legitimate,Multitel,homepage,desktop,http://www.multitel.be
65f92826a4cd9592,legitimate/multitel/homepage/d8d95bdf/mobile.png,0,legitimate,Multitel,homepage,mobile,http://www.multitel.be
587167ae27287bd3,legitimate/multitel/homepage/d8d95bdf/fullpage.png,0,legitimate,Multitel,homepage,fullpage,http://www.multitel.be
711ead9c05eee885,legitimate/multitel/homepage/d8d95bdf/above_fold.png,0,legitimate,Multitel,homepage,above_fold,http://www.multitel.be
1a5ac617884e63e2,legitimate/force_technology/homepage/9dec599b/desktop.png,0,legitimate,FORCE Technology,homepage,desktop,http://forcetechnology.com/en
38d9f6f5d7864a89,legitimate/force_technology/homepage/9dec599b/mobile.png,0,legitimate,FORCE Technology,homepage,mobile,http://forcetechnology.com/en
a4d417e63c8db798,legitimate/force_technology/homepage/9dec599b/above_fold.png,0,legitimate,FORCE Technology,homepage,above_fold,http://forcetechnology.com/en
fcd3769cd2c4b917,legitimate/airbus/unknown/63848d4a/desktop.png,0,legitimate,Airbus,unknown,desktop,https://www.airbus.com
edfec661000926d3,legitimate/airbus/unknown/63848d4a/mobile.png,0,legitimate,Airbus,unknown,mobile,https://www.airbus.com
9703bd9da7d66004,legitimate/airbus/unknown/63848d4a/fullpage.png,0,legitimate,Airbus,unknown,fullpage,https://www.airbus.com
f5d63426f8a1188d,legitimate/airbus/unknown/63848d4a/above_fold.png,0,legitimate,Airbus,unknown,above_fold,https://www.airbus.com
d2638a63f07c0f9e,legitimate/ac/homepage/325dc0a5/desktop.png,0,legitimate,ac,homepage,desktop,https://www.vki.ac.be
602004407a81860c,legitimate/ac/homepage/325dc0a5/mobile.png,0,legitimate,ac,homepage,mobile,https://www.vki.ac.be
3f2597ef3b427c86,legitimate/ac/homepage/325dc0a5/fullpage.png,0,legitimate,ac,homepage,fullpage,https://www.vki.ac.be
d142b0efd535c0b7,legitimate/ac/homepage/325dc0a5/above_fold.png,0,legitimate,ac,homepage,above_fold,https://www.vki.ac.be
4778047bd2816eff,legitimate/university_hospital/login/774acc50/desktop.png,0,legitimate,University Hospital,login,desktop,https://www.uniklinik-freiburg.de/en/university-hospital/employees-login.html
2338cd9787c36370,legitimate/university_hospital/login/774acc50/fullpage.png,0,legitimate,University Hospital,login,fullpage,https://www.uniklinik-freiburg.de/en/university-hospital/employees-login.html
570241bc54fb763e,legitimate/university_hospital/login/774acc50/above_fold.png,0,legitimate,University Hospital,login,above_fold,https://www.uniklinik-freiburg.de/en/university-hospital/employees-login.html
0089e535506240a0,legitimate/cairo_university/otp/dc847a1d/desktop.png,0,legitimate,Cairo University,otp,desktop,https://cu.edu.eg/CU_Certificates_Verification
95f9faa5de237404,legitimate/cairo_university/otp/dc847a1d/fullpage.png,0,legitimate,Cairo University,otp,fullpage,https://cu.edu.eg/CU_Certificates_Verification
f4876c3186ca39d9,legitimate/cairo_university/otp/dc847a1d/above_fold.png,0,legitimate,Cairo University,otp,above_fold,https://cu.edu.eg/CU_Certificates_Verification
25dd4c3f4cd8c420,legitimate/joanneum_research/account/cae98dc4/fullpage.png,0,legitimate,JOANNEUM RESEARCH,account,fullpage,https://www.joanneum.at/en/publications/r2r-uv-nanoimprinting-as-a-powerful-mean-for-large-area-fabrication-of-freeform-micro-optical-elements/
de3aa777ebcfaefe,legitimate/gov_uk/homepage/206feed9/desktop.png,0,legitimate,GOV.UK,homepage,desktop,https://tfl.gov.uk
8b3d84d9fc0432a1,legitimate/gov_uk/homepage/206feed9/mobile.png,0,legitimate,GOV.UK,homepage,mobile,https://tfl.gov.uk
7c167ec5705edd38,legitimate/gov_uk/homepage/206feed9/fullpage.png,0,legitimate,GOV.UK,homepage,fullpage,https://tfl.gov.uk
ef153a977807bf7d,legitimate/gov_uk/homepage/206feed9/above_fold.png,0,legitimate,GOV.UK,homepage,above_fold,https://tfl.gov.uk
dc5156db483548ae,legitimate/gov_uk/homepage/5f532375/desktop.png,0,legitimate,GOV.UK,homepage,desktop,http://www.bristol.gov.uk
bbeb0a66561a9ace,legitimate/gov_uk/homepage/5f532375/mobile.png,0,legitimate,GOV.UK,homepage,mobile,http://www.bristol.gov.uk
c920dec2b28afd1e,legitimate/gov_uk/homepage/5f532375/fullpage.png,0,legitimate,GOV.UK,homepage,fullpage,http://www.bristol.gov.uk
b05e5e4839f59a4c,legitimate/gov_uk/homepage/5f532375/above_fold.png,0,legitimate,GOV.UK,homepage,above_fold,http://www.bristol.gov.uk
526508891303d43b,legitimate/gov_uk/login/84ec3ab9/fullpage.png,0,legitimate,GOV.UK,login,fullpage,https://www.gov.uk/log-in-register-hmrc-online-services
80d404ee433edbb6,legitimate/gov_uk/unknown/ebd1e11c/desktop.png,0,legitimate,GOV.UK,unknown,desktop,https://www.gov.uk/government/organisations/natural-england
584f8fd66463aa35,legitimate/gov_uk/unknown/ebd1e11c/above_fold.png,0,legitimate,GOV.UK,unknown,above_fold,https://www.gov.uk/government/organisations/natural-england
48fdff58b115e537,legitimate/gov_uk/signup/f3789afe/desktop.png,0,legitimate,GOV.UK,signup,desktop,https://www.hse.gov.uk/news/subscribe/index.htm
752ff1655cbbb73f,legitimate/gov_uk/signup/f3789afe/fullpage.png,0,legitimate,GOV.UK,signup,fullpage,https://www.hse.gov.uk/news/subscribe/index.htm
1b4714c4bc3e06ca,legitimate/gov_uk/signup/f3789afe/above_fold.png,0,legitimate,GOV.UK,signup,above_fold,https://www.hse.gov.uk/news/subscribe/index.htm
55d1c3d9ae8922af,legitimate/gov_uk/signup/940b698b/fullpage.png,0,legitimate,GOV.UK,signup,fullpage,https://www.bristol.gov.uk/residents/births-deaths-marriages/births/register-a-birth
a0a4f0ac0859e9f4,legitimate/gov_uk/homepage/419e23a2/desktop.png,0,legitimate,GOV.UK,homepage,desktop,https://www.gov.uk
9e8cf1f51b2b13e7,legitimate/gov_uk/homepage/419e23a2/mobile.png,0,legitimate,GOV.UK,homepage,mobile,https://www.gov.uk
a90bd8357228008b,legitimate/gov_uk/homepage/419e23a2/fullpage.png,0,legitimate,GOV.UK,homepage,fullpage,https://www.gov.uk
b436e0a9b5fd2b88,legitimate/gov_uk/homepage/419e23a2/above_fold.png,0,legitimate,GOV.UK,homepage,above_fold,https://www.gov.uk
e20df69814a58025,legitimate/energy_sustainability_and_innovation/homepage/17b3e358/desktop.png,0,legitimate,"Energy, sustainability and innovation",homepage,desktop,https://www.enel.com
f90cb1cd8806b6af,legitimate/energy_sustainability_and_innovation/homepage/17b3e358/mobile.png,0,legitimate,"Energy, sustainability and innovation",homepage,mobile,https://www.enel.com
a62dadc3b3b61040,legitimate/energy_sustainability_and_innovation/homepage/17b3e358/fullpage.png,0,legitimate,"Energy, sustainability and innovation",homepage,fullpage,https://www.enel.com
0ec92090a12c3d93,legitimate/energy_sustainability_and_innovation/homepage/17b3e358/above_fold.png,0,legitimate,"Energy, sustainability and innovation",homepage,above_fold,https://www.enel.com
ea9795ccda5a54c8,legitimate/university_of_nairobi/homepage/e1880bcd/desktop.png,0,legitimate,University of Nairobi,homepage,desktop,http://www.uonbi.ac.ke
3633c860b68f0186,legitimate/university_of_nairobi/homepage/e1880bcd/mobile.png,0,legitimate,University of Nairobi,homepage,mobile,http://www.uonbi.ac.ke
14a50caa6dee721e,legitimate/university_of_nairobi/homepage/e1880bcd/fullpage.png,0,legitimate,University of Nairobi,homepage,fullpage,http://www.uonbi.ac.ke
d84bb7b01ed8d6e3,legitimate/university_of_nairobi/homepage/e1880bcd/above_fold.png,0,legitimate,University of Nairobi,homepage,above_fold,http://www.uonbi.ac.ke
293adea843fbaf70,legitimate/homepage/homepage/0214a6ec/desktop.png,0,legitimate,HomePage,homepage,desktop,http://www.ansaldoenergia.com
4ea53e61df0bb2b3,legitimate/homepage/homepage/0214a6ec/mobile.png,0,legitimate,HomePage,homepage,mobile,http://www.ansaldoenergia.com
9f10c98d93435754,legitimate/homepage/homepage/0214a6ec/fullpage.png,0,legitimate,HomePage,homepage,fullpage,http://www.ansaldoenergia.com
8541313bedd90679,legitimate/homepage/homepage/0214a6ec/above_fold.png,0,legitimate,HomePage,homepage,above_fold,http://www.ansaldoenergia.com
407793add971c93b,legitimate/homepage/unknown/089ea4da/desktop.png,0,legitimate,Homepage,unknown,desktop,http://www.tatasteeleurope.com
649bd5523562d71a,legitimate/homepage/unknown/089ea4da/mobile.png,0,legitimate,Homepage,unknown,mobile,http://www.tatasteeleurope.com
837bd5538e9435bb,legitimate/homepage/unknown/089ea4da/fullpage.png,0,legitimate,Homepage,unknown,fullpage,http://www.tatasteeleurope.com
f56cf35d5d9342fb,legitimate/homepage/unknown/089ea4da/above_fold.png,0,legitimate,Homepage,unknown,above_fold,http://www.tatasteeleurope.com
6b096a8879328ae3,legitimate/homepage/unknown/756b3419/desktop.png,0,legitimate,Homepage,unknown,desktop,https://www.saipem.com/en
d412e848e8efdab1,legitimate/homepage/unknown/756b3419/mobile.png,0,legitimate,Homepage,unknown,mobile,https://www.saipem.com/en
52861c7432347d3e,legitimate/homepage/unknown/756b3419/fullpage.png,0,legitimate,Homepage,unknown,fullpage,https://www.saipem.com/en
e7e7eeffb370d92d,legitimate/homepage/unknown/756b3419/above_fold.png,0,legitimate,Homepage,unknown,above_fold,https://www.saipem.com/en
bda0b89ee0f42b96,legitimate/the_university_of_the_west_indies_mona_jamaica/homepage/6fe0cccd/desktop.png,0,legitimate,"The University of the West Indies, Mona, Jamaica",homepage,desktop,http://www.mona.uwi.edu
e648b78014230312,legitimate/the_university_of_the_west_indies_mona_jamaica/homepage/6fe0cccd/mobile.png,0,legitimate,"The University of the West Indies, Mona, Jamaica",homepage,mobile,http://www.mona.uwi.edu
4b5113d2cda6fbc4,legitimate/the_university_of_the_west_indies_mona_jamaica/homepage/6fe0cccd/fullpage.png,0,legitimate,"The University of the West Indies, Mona, Jamaica",homepage,fullpage,http://www.mona.uwi.edu
49ba79b6a0b6da85,legitimate/the_university_of_the_west_indies_mona_jamaica/homepage/6fe0cccd/above_fold.png,0,legitimate,"The University of the West Indies, Mona, Jamaica",homepage,above_fold,http://www.mona.uwi.edu
697036b9026231c4,legitimate/tecnalia/signup/28925a66/desktop.png,0,legitimate,Tecnalia,signup,desktop,https://www.tecnalia.com/en/agenda/pfas-free-solutions-in-functional-coatings-for-multi-sectoral-applications
972a4ae4d93ba49f,legitimate/tecnalia/signup/28925a66/fullpage.png,0,legitimate,Tecnalia,signup,fullpage,https://www.tecnalia.com/en/agenda/pfas-free-solutions-in-functional-coatings-for-multi-sectoral-applications
ea38dbaa459ffa00,legitimate/tecnalia/signup/28925a66/above_fold.png,0,legitimate,Tecnalia,signup,above_fold,https://www.tecnalia.com/en/agenda/pfas-free-solutions-in-functional-coatings-for-multi-sectoral-applications
a8c5e30442dcb88d,legitimate/ifw/homepage/6ef1d5f4/desktop.png,0,legitimate,IFW,homepage,desktop,http://www.ifw-dresden.de
d5145ae849a2a5cd,legitimate/ifw/homepage/6ef1d5f4/mobile.png,0,legitimate,IFW,homepage,mobile,http://www.ifw-dresden.de
e6b6a7f91a648d24,legitimate/ifw/homepage/6ef1d5f4/fullpage.png,0,legitimate,IFW,homepage,fullpage,http://www.ifw-dresden.de
1f6f59d77fa77a5f,legitimate/ifw/homepage/6ef1d5f4/above_fold.png,0,legitimate,IFW,homepage,above_fold,http://www.ifw-dresden.de
aa4de07142454995,legitimate/irish_universities_association/signup/541fc768/desktop.png,0,legitimate,Irish Universities Association,signup,desktop,https://www.iua.ie/events/iua-future-of-ireland-inspire-positioning-ireland-as-a-strategic-player-in-european-research-infrastructure/
218d2ad10c25809e,legitimate/irish_universities_association/signup/541fc768/fullpage.png,0,legitimate,Irish Universities Association,signup,fullpage,https://www.iua.ie/events/iua-future-of-ireland-inspire-positioning-ireland-as-a-strategic-player-in-european-research-infrastructure/
a2b14501394a5975,legitimate/irish_universities_association/signup/541fc768/above_fold.png,0,legitimate,Irish Universities Association,signup,above_fold,https://www.iua.ie/events/iua-future-of-ireland-inspire-positioning-ireland-as-a-strategic-player-in-european-research-infrastructure/
743e4d34504484dc,legitimate/euresearch/account/2fb89fa8/desktop.png,0,legitimate,Euresearch,account,desktop,https://www.euresearch.ch/en/your-profile-135.html
ef480f1aa7c15dae,legitimate/euresearch/account/2fb89fa8/fullpage.png,0,legitimate,Euresearch,account,fullpage,https://www.euresearch.ch/en/your-profile-135.html
6dcebc3ac4da4754,legitimate/euresearch/account/2fb89fa8/above_fold.png,0,legitimate,Euresearch,account,above_fold,https://www.euresearch.ch/en/your-profile-135.html
aab20215afd1cb9b,legitimate/zsl/homepage/ce3d1782/desktop.png,0,legitimate,ZSL,homepage,desktop,http://www.zsl.org
da3eca0c64d24e08,legitimate/zsl/homepage/ce3d1782/mobile.png,0,legitimate,ZSL,homepage,mobile,http://www.zsl.org
bb7d4cdb010dbee3,legitimate/zsl/homepage/ce3d1782/fullpage.png,0,legitimate,ZSL,homepage,fullpage,http://www.zsl.org
fe63ee70a71ff755,legitimate/zsl/homepage/ce3d1782/above_fold.png,0,legitimate,ZSL,homepage,above_fold,http://www.zsl.org
345ab999e4882a1e,legitimate/ceps/homepage/78cfbd7c/desktop.png,0,legitimate,CEPS,homepage,desktop,http://www.ceps.eu
c575c98031c8a0ff,legitimate/ceps/homepage/78cfbd7c/mobile.png,0,legitimate,CEPS,homepage,mobile,http://www.ceps.eu
f03f4be3c260b19e,legitimate/ceps/homepage/78cfbd7c/fullpage.png,0,legitimate,CEPS,homepage,fullpage,http://www.ceps.eu
179629bdb97693b8,legitimate/ceps/homepage/78cfbd7c/above_fold.png,0,legitimate,CEPS,homepage,above_fold,http://www.ceps.eu
ddaf45272066529f,legitimate/ecologic_institute/login/882cf2f9/desktop.png,0,legitimate,Ecologic Institute,login,desktop,https://www.ecologic.eu/user/login
3a2b973a4b1b7693,legitimate/ecologic_institute/login/882cf2f9/fullpage.png,0,legitimate,Ecologic Institute,login,fullpage,https://www.ecologic.eu/user/login
6b3177bea4d71b69,legitimate/ecologic_institute/login/882cf2f9/above_fold.png,0,legitimate,Ecologic Institute,login,above_fold,https://www.ecologic.eu/user/login
620074fc686f4b6e,legitimate/london_metropolitan_university/payment/9163462e/desktop.png,0,legitimate,London Metropolitan University,payment,desktop,https://www.londonmet.ac.uk/about/e-shop-and-payment-services/
9743bbd93b12b2ff,legitimate/london_metropolitan_university/payment/9163462e/fullpage.png,0,legitimate,London Metropolitan University,payment,fullpage,https://www.londonmet.ac.uk/about/e-shop-and-payment-services/
6ce5476772f84f18,legitimate/london_metropolitan_university/payment/9163462e/above_fold.png,0,legitimate,London Metropolitan University,payment,above_fold,https://www.londonmet.ac.uk/about/e-shop-and-payment-services/
81d8646f75051584,legitimate/london_metropolitan_university/account/b2092022/desktop.png,0,legitimate,London Metropolitan University,account,desktop,https://www.londonmet.ac.uk/profiles/
f70015e2b6b5c4fd,legitimate/london_metropolitan_university/account/b2092022/fullpage.png,0,legitimate,London Metropolitan University,account,fullpage,https://www.londonmet.ac.uk/profiles/
6866c3ccceb04980,legitimate/london_metropolitan_university/account/b2092022/above_fold.png,0,legitimate,London Metropolitan University,account,above_fold,https://www.londonmet.ac.uk/profiles/
9b57485b56496e81,legitimate/lucideon/account/100b1de1/desktop.png,0,legitimate,Lucideon,account,desktop,https://www.lucideon.com/our-company/company-profile
9e39f66efa841838,legitimate/lucideon/account/100b1de1/fullpage.png,0,legitimate,Lucideon,account,fullpage,https://www.lucideon.com/our-company/company-profile
e9156932266f1baa,legitimate/lucideon/account/100b1de1/above_fold.png,0,legitimate,Lucideon,account,above_fold,https://www.lucideon.com/our-company/company-profile
6ba2d748dd8e58c1,legitimate/microsoft/checkout/0aebce95/desktop.png,0,legitimate,Microsoft,checkout,desktop,https://www.microsoft.com/nl-nl/store/cart
06169532a5f4d422,legitimate/microsoft/checkout/0aebce95/fullpage.png,0,legitimate,Microsoft,checkout,fullpage,https://www.microsoft.com/nl-nl/store/cart
2ed1389505c8b14c,legitimate/microsoft/checkout/0aebce95/above_fold.png,0,legitimate,Microsoft,checkout,above_fold,https://www.microsoft.com/nl-nl/store/cart
8bb0a50811e1fcf7,legitimate/microsoft/unknown/79adddb8/desktop.png,0,legitimate,Microsoft,unknown,desktop,https://www.microsoft.com
f72b0b022d248939,legitimate/microsoft/unknown/79adddb8/mobile.png,0,legitimate,Microsoft,unknown,mobile,https://www.microsoft.com
1c95a9f86f61f6a6,legitimate/microsoft/unknown/79adddb8/fullpage.png,0,legitimate,Microsoft,unknown,fullpage,https://www.microsoft.com
50b1a9d880c78336,legitimate/microsoft/unknown/79adddb8/above_fold.png,0,legitimate,Microsoft,unknown,above_fold,https://www.microsoft.com
f83a54b32c393847,legitimate/microsoft/unknown/2ccacfcd/desktop.png,0,legitimate,Microsoft,unknown,desktop,http://research.microsoft.com/en-us/labs/cambridge/default.aspx
b59d1f7657294ec5,legitimate/microsoft/unknown/2ccacfcd/mobile.png,0,legitimate,Microsoft,unknown,mobile,http://research.microsoft.com/en-us/labs/cambridge/default.aspx
2e28e861ea2c3962,legitimate/microsoft/unknown/2ccacfcd/fullpage.png,0,legitimate,Microsoft,unknown,fullpage,http://research.microsoft.com/en-us/labs/cambridge/default.aspx
4b3f7537f60b6632,legitimate/microsoft/unknown/2ccacfcd/above_fold.png,0,legitimate,Microsoft,unknown,above_fold,http://research.microsoft.com/en-us/labs/cambridge/default.aspx
b08db65b7dfe52e8,legitimate/studying_at_the_fh_kufstein_tirol/account/1a6cafe4/desktop.png,0,legitimate,Studying at the FH Kufstein Tirol,account,desktop,https://www.fh-kufstein.ac.at/en/university/profile-organization
21a5c80d19265717,legitimate/studying_at_the_fh_kufstein_tirol/account/1a6cafe4/fullpage.png,0,legitimate,Studying at the FH Kufstein Tirol,account,fullpage,https://www.fh-kufstein.ac.at/en/university/profile-organization
31ad9e73c0c5053c,legitimate/studying_at_the_fh_kufstein_tirol/account/1a6cafe4/above_fold.png,0,legitimate,Studying at the FH Kufstein Tirol,account,above_fold,https://www.fh-kufstein.ac.at/en/university/profile-organization
69bee2c3c3f82d8d,legitimate/studying_at_the_fh_kufstein_tirol/unknown/20e8dcd3/desktop.png,0,legitimate,Studying at the FH Kufstein Tirol,unknown,desktop,https://www.fh-kufstein.ac.at/eng/
b4ce88964db83378,legitimate/studying_at_the_fh_kufstein_tirol/unknown/20e8dcd3/mobile.png,0,legitimate,Studying at the FH Kufstein Tirol,unknown,mobile,https://www.fh-kufstein.ac.at/eng/
8f69861edb71aef4,legitimate/studying_at_the_fh_kufstein_tirol/unknown/20e8dcd3/fullpage.png,0,legitimate,Studying at the FH Kufstein Tirol,unknown,fullpage,https://www.fh-kufstein.ac.at/eng/
bb552f15959d108c,legitimate/studying_at_the_fh_kufstein_tirol/unknown/20e8dcd3/above_fold.png,0,legitimate,Studying at the FH Kufstein Tirol,unknown,above_fold,https://www.fh-kufstein.ac.at/eng/
ae715a7da6b490ff,legitimate/inescop/login/70ac08a9/desktop.png,0,legitimate,INESCOP,login,desktop,https://www.inescop.es/en/area-privada/login
bf640c737a0f0542,legitimate/inescop/login/70ac08a9/fullpage.png,0,legitimate,INESCOP,login,fullpage,https://www.inescop.es/en/area-privada/login
daf59e3f4b9ebad6,legitimate/inescop/login/70ac08a9/above_fold.png,0,legitimate,INESCOP,login,above_fold,https://www.inescop.es/en/area-privada/login
3bb0c10c8ce493f5,legitimate/cesi/account/bc7c6677/desktop.png,0,legitimate,CESI,account,desktop,https://www.cesi.it/about-us/overview/#profile
da4e866b9d79faca,legitimate/cesi/account/bc7c6677/fullpage.png,0,legitimate,CESI,account,fullpage,https://www.cesi.it/about-us/overview/#profile
afecdd697ff271d4,legitimate/cesi/account/bc7c6677/above_fold.png,0,legitimate,CESI,account,above_fold,https://www.cesi.it/about-us/overview/#profile
dbf925a1b783a1ff,legitimate/american_association_for_the_advancement_of_science_aaas/homepage/9a2413eb/desktop.png,0,legitimate,American Association for the Advancement of Science (AAAS),homepage,desktop,http://www.aaas.org
fd0d5517e4746d53,legitimate/american_association_for_the_advancement_of_science_aaas/homepage/9a2413eb/mobile.png,0,legitimate,American Association for the Advancement of Science (AAAS),homepage,mobile,http://www.aaas.org
97ef05016eb91c32,legitimate/american_association_for_the_advancement_of_science_aaas/homepage/9a2413eb/fullpage.png,0,legitimate,American Association for the Advancement of Science (AAAS),homepage,fullpage,http://www.aaas.org
890d865b99e69333,legitimate/american_association_for_the_advancement_of_science_aaas/homepage/9a2413eb/above_fold.png,0,legitimate,American Association for the Advancement of Science (AAAS),homepage,above_fold,http://www.aaas.org
cea6d0d494fea847,legitimate/american_association_for_the_advancement_of_science_aaas/login/619c284a/desktop.png,0,legitimate,American Association for the Advancement of Science (AAAS),login,desktop,https://www.aaas.org/user/login
736a5a52a38346a4,legitimate/american_association_for_the_advancement_of_science_aaas/login/619c284a/fullpage.png,0,legitimate,American Association for the Advancement of Science (AAAS),login,fullpage,https://www.aaas.org/user/login
8eb8d075f7470b81,legitimate/american_association_for_the_advancement_of_science_aaas/login/619c284a/above_fold.png,0,legitimate,American Association for the Advancement of Science (AAAS),login,above_fold,https://www.aaas.org/user/login
c35dfcc5246258ae,legitimate/usmf/login/b55d8ffe/desktop.png,0,legitimate,usmf,login,desktop,https://usmf.md/en/user/login
92dd27ec0af02d0e,legitimate/usmf/login/b55d8ffe/fullpage.png,0,legitimate,usmf,login,fullpage,https://usmf.md/en/user/login
5a89ebaaeb1a0429,legitimate/usmf/login/b55d8ffe/above_fold.png,0,legitimate,usmf,login,above_fold,https://usmf.md/en/user/login
45e05b69a5e68173,legitimate/corporate_website/unknown/e878eb78/desktop.png,0,legitimate,Corporate Website,unknown,desktop,http://www.telekom.com/home
1b7cfe6ec428212d,legitimate/corporate_website/unknown/e878eb78/mobile.png,0,legitimate,Corporate Website,unknown,mobile,http://www.telekom.com/home
9c2c57af2dd7afeb,legitimate/corporate_website/unknown/e878eb78/fullpage.png,0,legitimate,Corporate Website,unknown,fullpage,http://www.telekom.com/home
2a74a746f1796cd0,legitimate/corporate_website/unknown/e878eb78/above_fold.png,0,legitimate,Corporate Website,unknown,above_fold,http://www.telekom.com/home
08cb64a1c72dbe0a,legitimate/eurescom_gmbh/account/5c599012/desktop.png,0,legitimate,Eurescom GmbH,account,desktop,https://www.eurescom.eu/about-us/company-profile/
fff96ab2922baefa,legitimate/eurescom_gmbh/account/5c599012/fullpage.png,0,legitimate,Eurescom GmbH,account,fullpage,https://www.eurescom.eu/about-us/company-profile/
0145f546afccc21f,legitimate/eurescom_gmbh/account/5c599012/above_fold.png,0,legitimate,Eurescom GmbH,account,above_fold,https://www.eurescom.eu/about-us/company-profile/
ef6e09d021875d44,legitimate/universities_of_wisconsin/homepage/bda95c75/desktop.png,0,legitimate,Universities of Wisconsin,homepage,desktop,https://www.wisconsin.edu
caae9dce3d71578f,legitimate/universities_of_wisconsin/homepage/bda95c75/mobile.png,0,legitimate,Universities of Wisconsin,homepage,mobile,https://www.wisconsin.edu
946935d5905fe4a9,legitimate/universities_of_wisconsin/homepage/bda95c75/fullpage.png,0,legitimate,Universities of Wisconsin,homepage,fullpage,https://www.wisconsin.edu
40ba828f62017c04,legitimate/universities_of_wisconsin/homepage/bda95c75/above_fold.png,0,legitimate,Universities of Wisconsin,homepage,above_fold,https://www.wisconsin.edu
830c454f46a1b9ce,legitimate/404/unknown/f1e932d0/desktop.png,0,legitimate,404,unknown,desktop,http://spbau.ru/main_eng/info_main_eng
e7b2a2bf0caee3fe,legitimate/404/unknown/f1e932d0/mobile.png,0,legitimate,404,unknown,mobile,http://spbau.ru/main_eng/info_main_eng
670ccd606c097599,legitimate/404/unknown/f1e932d0/fullpage.png,0,legitimate,404,unknown,fullpage,http://spbau.ru/main_eng/info_main_eng
151dcc042fa7f6d3,legitimate/404/unknown/f1e932d0/above_fold.png,0,legitimate,404,unknown,above_fold,http://spbau.ru/main_eng/info_main_eng
4b868148b96c9bf1,legitimate/404/account/8d5748b9/desktop.png,0,legitimate,404,account,desktop,https://spbau.ru/applicants/profiles
a018e05928f1af41,legitimate/404/account/8d5748b9/fullpage.png,0,legitimate,404,account,fullpage,https://spbau.ru/applicants/profiles
83262bee9cae7a1a,legitimate/404/account/8d5748b9/above_fold.png,0,legitimate,404,account,above_fold,https://spbau.ru/applicants/profiles
4d495b665ee4eb6e,legitimate/mass_eye_and_ear/homepage/f10d1ecb/desktop.png,0,legitimate,Mass Eye and Ear,homepage,desktop,http://www.masseyeandear.org
5af46df178a45069,legitimate/mass_eye_and_ear/homepage/f10d1ecb/mobile.png,0,legitimate,Mass Eye and Ear,homepage,mobile,http://www.masseyeandear.org
3c7303ded50b2955,legitimate/mass_eye_and_ear/homepage/f10d1ecb/fullpage.png,0,legitimate,Mass Eye and Ear,homepage,fullpage,http://www.masseyeandear.org
f6f7d9b62388d284,legitimate/mass_eye_and_ear/homepage/f10d1ecb/above_fold.png,0,legitimate,Mass Eye and Ear,homepage,above_fold,http://www.masseyeandear.org
a9d48631de6ca83e,legitimate/sickkids/homepage/881a99bf/desktop.png,0,legitimate,SickKids,homepage,desktop,http://www.sickkids.ca
7bf3e48b401d1dad,legitimate/sickkids/homepage/881a99bf/mobile.png,0,legitimate,SickKids,homepage,mobile,http://www.sickkids.ca
09888d31ee663280,legitimate/sickkids/homepage/881a99bf/fullpage.png,0,legitimate,SickKids,homepage,fullpage,http://www.sickkids.ca
f0a16cf0dd08fd20,legitimate/sickkids/homepage/881a99bf/above_fold.png,0,legitimate,SickKids,homepage,above_fold,http://www.sickkids.ca
138d898fb127b23d,legitimate/museum_of_science/login/0bf042a1/desktop.png,0,legitimate,Museum of Science,login,desktop,https://www.mos.org/member/login
4163089b652c9458,legitimate/museum_of_science/login/0bf042a1/fullpage.png,0,legitimate,Museum of Science,login,fullpage,https://www.mos.org/member/login
f17e0f708ecbc643,legitimate/museum_of_science/login/0bf042a1/above_fold.png,0,legitimate,Museum of Science,login,above_fold,https://www.mos.org/member/login
60563e8f792222c1,legitimate/rse/login/ac050d8f/desktop.png,0,legitimate,RSE,login,desktop,https://www.rse-web.it/wp-login.php?action=lostpassword
3ef0b3d018599a82,legitimate/rse/login/ac050d8f/fullpage.png,0,legitimate,RSE,login,fullpage,https://www.rse-web.it/wp-login.php?action=lostpassword
22aafa96f83ddda5,legitimate/rse/login/ac050d8f/above_fold.png,0,legitimate,RSE,login,above_fold,https://www.rse-web.it/wp-login.php?action=lostpassword
33b6d0cf2029ccfe,legitimate/kookmin_university/otp/68438fd6/desktop.png,0,legitimate,Kookmin University,otp,desktop,https://english.kookmin.ac.kr/research/researchResults/view/7
0f1fe5b563f47692,legitimate/kookmin_university/otp/68438fd6/fullpage.png,0,legitimate,Kookmin University,otp,fullpage,https://english.kookmin.ac.kr/research/researchResults/view/7
9199d563806a7058,legitimate/kookmin_university/otp/68438fd6/above_fold.png,0,legitimate,Kookmin University,otp,above_fold,https://english.kookmin.ac.kr/research/researchResults/view/7
31b1748a304c8443,legitimate/ubt_universiteti_bujq_sor_i_tiran_s/signup/3dbab0cc/desktop.png,0,legitimate,UBT | Universiteti Bujqësor i Tiranës,signup,desktop,https://ubt.edu.al/en/event/new-study-programs-at-the-agricultural-university-of-tirana-aut-8/register
b544b0585588292a,legitimate/ubt_universiteti_bujq_sor_i_tiran_s/signup/3dbab0cc/fullpage.png,0,legitimate,UBT | Universiteti Bujqësor i Tiranës,signup,fullpage,https://ubt.edu.al/en/event/new-study-programs-at-the-agricultural-university-of-tirana-aut-8/register
fc146b2110ce3c20,legitimate/ubt_universiteti_bujq_sor_i_tiran_s/signup/3dbab0cc/above_fold.png,0,legitimate,UBT | Universiteti Bujqësor i Tiranës,signup,above_fold,https://ubt.edu.al/en/event/new-study-programs-at-the-agricultural-university-of-tirana-aut-8/register
e14c1b557adcd481,legitimate/imst/otp/64250273/desktop.png,0,legitimate,imst,otp,desktop,https://www.imst.com/development/antenna.html
08b69afaf0a5117b,legitimate/imst/otp/64250273/fullpage.png,0,legitimate,imst,otp,fullpage,https://www.imst.com/development/antenna.html
ea59d1e9f0212944,legitimate/imst/otp/64250273/above_fold.png,0,legitimate,imst,otp,above_fold,https://www.imst.com/development/antenna.html
e6faee7899388203,legitimate/technology_transfer_for_business_research/unknown/80e8c111/desktop.png,0,legitimate,Technology transfer for business & research,unknown,desktop,http://www.steinbeis.de/en/
404208b305a4ca04,legitimate/technology_transfer_for_business_research/unknown/80e8c111/mobile.png,0,legitimate,Technology transfer for business & research,unknown,mobile,http://www.steinbeis.de/en/
709fe3f6555079d2,legitimate/technology_transfer_for_business_research/unknown/80e8c111/fullpage.png,0,legitimate,Technology transfer for business & research,unknown,fullpage,http://www.steinbeis.de/en/
6a639b2327a04b7e,legitimate/technology_transfer_for_business_research/unknown/80e8c111/above_fold.png,0,legitimate,Technology transfer for business & research,unknown,above_fold,http://www.steinbeis.de/en/
236b1d82a70fc9af,legitimate/oxford/homepage/e5fc5be8/desktop.png,0,legitimate,Oxford,homepage,desktop,https://www.ox.ac.uk
3e022d68671ca716,legitimate/oxford/homepage/e5fc5be8/mobile.png,0,legitimate,Oxford,homepage,mobile,https://www.ox.ac.uk
c8d87fed6d7c5806,legitimate/oxford/homepage/e5fc5be8/fullpage.png,0,legitimate,Oxford,homepage,fullpage,https://www.ox.ac.uk
6b42fd55c089edc9,legitimate/oxford/homepage/e5fc5be8/above_fold.png,0,legitimate,Oxford,homepage,above_fold,https://www.ox.ac.uk
4a1f6e748c6a283a,legitimate/missouri_botanical_garden/homepage/9baa165e/desktop.png,0,legitimate,Missouri Botanical Garden,homepage,desktop,http://www.missouribotanicalgarden.org
209883f169589d65,legitimate/missouri_botanical_garden/homepage/9baa165e/mobile.png,0,legitimate,Missouri Botanical Garden,homepage,mobile,http://www.missouribotanicalgarden.org
8355176b504335db,legitimate/missouri_botanical_garden/homepage/9baa165e/above_fold.png,0,legitimate,Missouri Botanical Garden,homepage,above_fold,http://www.missouribotanicalgarden.org
609ddc9f8362730f,legitimate/icmr/homepage/be67ceae/desktop.png,0,legitimate,ICMR,homepage,desktop,http://www.rmrims.org.in
d4ee6f645899e778,legitimate/icmr/homepage/be67ceae/mobile.png,0,legitimate,ICMR,homepage,mobile,http://www.rmrims.org.in
1383e7d935a5468a,legitimate/icmr/homepage/be67ceae/fullpage.png,0,legitimate,ICMR,homepage,fullpage,http://www.rmrims.org.in
59231a9661d1fe70,legitimate/icmr/homepage/be67ceae/above_fold.png,0,legitimate,ICMR,homepage,above_fold,http://www.rmrims.org.in
f664e2eace42e8fb,legitimate/state_university/unknown/4a338c2e/desktop.png,0,legitimate,State University,unknown,desktop,http://oreluniver.ru/en
e3a45ea8cdc9b1fa,legitimate/state_university/unknown/4a338c2e/fullpage.png,0,legitimate,State University,unknown,fullpage,http://oreluniver.ru/en
e78ed8c18ac49c2f,legitimate/state_university/unknown/4a338c2e/above_fold.png,0,legitimate,State University,unknown,above_fold,http://oreluniver.ru/en
db2b05866496b2f4,legitimate/nidcd/checkout/4059c9bd/desktop.png,0,legitimate,NIDCD,checkout,desktop,https://www.nidcd.nih.gov/funding/all-nidcd-funding-opportunities
e8b40139b0baad0e,legitimate/nidcd/checkout/4059c9bd/fullpage.png,0,legitimate,NIDCD,checkout,fullpage,https://www.nidcd.nih.gov/funding/all-nidcd-funding-opportunities
2f929de49ff0f71a,legitimate/nidcd/checkout/4059c9bd/above_fold.png,0,legitimate,NIDCD,checkout,above_fold,https://www.nidcd.nih.gov/funding/all-nidcd-funding-opportunities
49074b7ea2e6de85,legitimate/university_of_north_carolina_wilmington/homepage/8a2f677a/desktop.png,0,legitimate,University of North Carolina Wilmington,homepage,desktop,http://uncw.edu
fa8787ec01a2bec7,legitimate/university_of_north_carolina_wilmington/homepage/8a2f677a/mobile.png,0,legitimate,University of North Carolina Wilmington,homepage,mobile,http://uncw.edu
3b94e9613f094a65,legitimate/university_of_north_carolina_wilmington/homepage/8a2f677a/fullpage.png,0,legitimate,University of North Carolina Wilmington,homepage,fullpage,http://uncw.edu
bc326746104ed45c,legitimate/university_of_north_carolina_wilmington/homepage/8a2f677a/above_fold.png,0,legitimate,University of North Carolina Wilmington,homepage,above_fold,http://uncw.edu
8e91413b30059c27,legitimate/u_s_office_of_personnel_management/homepage/74df39c7/desktop.png,0,legitimate,U.S. Office of Personnel Management,homepage,desktop,https://www.opm.gov
cafa6db6dff9168b,legitimate/u_s_office_of_personnel_management/homepage/74df39c7/mobile.png,0,legitimate,U.S. Office of Personnel Management,homepage,mobile,https://www.opm.gov
b0ac8c7b013635b4,legitimate/u_s_office_of_personnel_management/homepage/74df39c7/fullpage.png,0,legitimate,U.S. Office of Personnel Management,homepage,fullpage,https://www.opm.gov
b9cadbe669a9c744,legitimate/u_s_office_of_personnel_management/homepage/74df39c7/above_fold.png,0,legitimate,U.S. Office of Personnel Management,homepage,above_fold,https://www.opm.gov
4c580ea84b6122d2,legitimate/u_s_office_of_personnel_management/account/ca826ad6/desktop.png,0,legitimate,U.S. Office of Personnel Management,account,desktop,https://www.opm.gov/policy-data-oversight/federal-hiring-and-selection-outcome-dashboard/
a79c23ec3a59acc8,legitimate/u_s_office_of_personnel_management/account/ca826ad6/fullpage.png,0,legitimate,U.S. Office of Personnel Management,account,fullpage,https://www.opm.gov/policy-data-oversight/federal-hiring-and-selection-outcome-dashboard/
95a6394e5e0692f9,legitimate/u_s_office_of_personnel_management/account/ca826ad6/above_fold.png,0,legitimate,U.S. Office of Personnel Management,account,above_fold,https://www.opm.gov/policy-data-oversight/federal-hiring-and-selection-outcome-dashboard/
4251b6c267244fa1,legitimate/veterans_health_administration/account/641f84e5/desktop.png,0,legitimate,Veterans Health Administration,account,desktop,https://www.va.gov/accountability/
0ddbc6b9da215f8b,legitimate/veterans_health_administration/account/641f84e5/fullpage.png,0,legitimate,Veterans Health Administration,account,fullpage,https://www.va.gov/accountability/
b2703b4d6976ad96,legitimate/veterans_health_administration/account/641f84e5/above_fold.png,0,legitimate,Veterans Health Administration,account,above_fold,https://www.va.gov/accountability/
2c9210fc0cbc587d,legitimate/nemours/unknown/7e99bf0e/desktop.png,0,legitimate,nemours,unknown,desktop,http://www.nemours.org/locations/nemours-dupont.html
25f02e606aa6a735,legitimate/nemours/unknown/7e99bf0e/mobile.png,0,legitimate,nemours,unknown,mobile,http://www.nemours.org/locations/nemours-dupont.html
0b5d541f04258fec,legitimate/nemours/unknown/7e99bf0e/fullpage.png,0,legitimate,nemours,unknown,fullpage,http://www.nemours.org/locations/nemours-dupont.html
3cc3850c27e007b3,legitimate/nemours/unknown/7e99bf0e/above_fold.png,0,legitimate,nemours,unknown,above_fold,http://www.nemours.org/locations/nemours-dupont.html
f5a37dc7fc1c7774,legitimate/arkansas_children_s/payment/7da1d437/desktop.png,0,legitimate,Arkansas Children’s,payment,desktop,https://www.archildrens.org/patients-and-visitors/billing-and-insurance/insurance-and-managed-care
09b1ca76cb3949da,legitimate/arkansas_children_s/payment/7da1d437/fullpage.png,0,legitimate,Arkansas Children’s,payment,fullpage,https://www.archildrens.org/patients-and-visitors/billing-and-insurance/insurance-and-managed-care
3b658811e43cc50c,legitimate/arkansas_children_s/payment/7da1d437/above_fold.png,0,legitimate,Arkansas Children’s,payment,above_fold,https://www.archildrens.org/patients-and-visitors/billing-and-insurance/insurance-and-managed-care
ca86e84bbe0e10b3,legitimate/children_s_mercy/login/1bcf8efa/desktop.png,0,legitimate,Children's Mercy,login,desktop,https://www.childrensmercy.org/mychart/
36b092398173670a,legitimate/children_s_mercy/login/1bcf8efa/fullpage.png,0,legitimate,Children's Mercy,login,fullpage,https://www.childrensmercy.org/mychart/
5613addf691d72b6,legitimate/children_s_mercy/login/1bcf8efa/above_fold.png,0,legitimate,Children's Mercy,login,above_fold,https://www.childrensmercy.org/mychart/
a3990a009a3e6756,legitimate/children_s_mercy/payment/2cd01bf5/fullpage.png,0,legitimate,Children's Mercy,payment,fullpage,https://www.childrensmercy.org/your-visit/billing-and-insurance/pay-my-bill/
36183774c61662d4,legitimate/cincinnatichildrens/payment/dca585c2/desktop.png,0,legitimate,cincinnatichildrens,payment,desktop,https://www.cincinnatichildrens.org/patient-resources/billing
bec0a94f3bad4532,legitimate/cincinnatichildrens/payment/dca585c2/fullpage.png,0,legitimate,cincinnatichildrens,payment,fullpage,https://www.cincinnatichildrens.org/patient-resources/billing
ba11cac8e8b22926,legitimate/cincinnatichildrens/payment/dca585c2/above_fold.png,0,legitimate,cincinnatichildrens,payment,above_fold,https://www.cincinnatichildrens.org/patient-resources/billing
ff7ddc8876143d0f,legitimate/cleveland_clinic/signup/e9aa535d/desktop.png,0,legitimate,Cleveland Clinic,signup,desktop,https://my.clevelandclinic.org/services/where-to-go-for-care
b1bca937d1200cc7,legitimate/cleveland_clinic/signup/e9aa535d/above_fold.png,0,legitimate,Cleveland Clinic,signup,above_fold,https://my.clevelandclinic.org/services/where-to-go-for-care
aced4ab10c9b5b32,legitimate/cleveland_clinic/payment/6bc5b237/desktop.png,0,legitimate,Cleveland Clinic,payment,desktop,https://my.clevelandclinic.org/patients/billing-finance
a3bf56e6cf819270,legitimate/cleveland_clinic/payment/6bc5b237/fullpage.png,0,legitimate,Cleveland Clinic,payment,fullpage,https://my.clevelandclinic.org/patients/billing-finance
26a8bfd49dcd783d,legitimate/cleveland_clinic/payment/6bc5b237/above_fold.png,0,legitimate,Cleveland Clinic,payment,above_fold,https://my.clevelandclinic.org/patients/billing-finance
58b60b18efe326c3,legitimate/denver_health_medical_center_hospital/homepage/869a6845/desktop.png,0,legitimate,Denver Health Medical Center & Hospital,homepage,desktop,http://www.denverhealth.org
6a6ae46b5ea64357,legitimate/denver_health_medical_center_hospital/homepage/869a6845/mobile.png,0,legitimate,Denver Health Medical Center & Hospital,homepage,mobile,http://www.denverhealth.org
54965cecd91d24ea,legitimate/denver_health_medical_center_hospital/homepage/869a6845/fullpage.png,0,legitimate,Denver Health Medical Center & Hospital,homepage,fullpage,http://www.denverhealth.org
c9cb3e440b86d7ea,legitimate/denver_health_medical_center_hospital/homepage/869a6845/above_fold.png,0,legitimate,Denver Health Medical Center & Hospital,homepage,above_fold,http://www.denverhealth.org
fa1e60d909cd7ca8,legitimate/denver_health_medical_center_hospital/signup/754d6856/desktop.png,0,legitimate,Denver Health Medical Center & Hospital,signup,desktop,https://www.denverhealth.org/newsletter
7d02da311f12b510,legitimate/denver_health_medical_center_hospital/signup/754d6856/fullpage.png,0,legitimate,Denver Health Medical Center & Hospital,signup,fullpage,https://www.denverhealth.org/newsletter
72874dee59662e45,legitimate/denver_health_medical_center_hospital/signup/754d6856/above_fold.png,0,legitimate,Denver Health Medical Center & Hospital,signup,above_fold,https://www.denverhealth.org/newsletter
ad2b56150d9cddaf,legitimate/kennedy_krieger_institute/homepage/44f2ad73/desktop.png,0,legitimate,Kennedy Krieger Institute,homepage,desktop,http://www.kennedykrieger.org
4704ea08d05be126,legitimate/kennedy_krieger_institute/homepage/44f2ad73/mobile.png,0,legitimate,Kennedy Krieger Institute,homepage,mobile,http://www.kennedykrieger.org
17accab10d2c7d6d,legitimate/kennedy_krieger_institute/homepage/44f2ad73/fullpage.png,0,legitimate,Kennedy Krieger Institute,homepage,fullpage,http://www.kennedykrieger.org
f38aea36d612b814,legitimate/kennedy_krieger_institute/homepage/44f2ad73/above_fold.png,0,legitimate,Kennedy Krieger Institute,homepage,above_fold,http://www.kennedykrieger.org
ac43f7be7cd384d6,legitimate/legacy_health/unknown/a39f0673/desktop.png,0,legitimate,Legacy Health,unknown,desktop,http://www.legacyhealth.org/locations/hospitals/legacy-emanuel-medical-center.aspx
93f713bf49610479,legitimate/legacy_health/unknown/a39f0673/mobile.png,0,legitimate,Legacy Health,unknown,mobile,http://www.legacyhealth.org/locations/hospitals/legacy-emanuel-medical-center.aspx
05c385e6796c7e33,legitimate/legacy_health/unknown/a39f0673/fullpage.png,0,legitimate,Legacy Health,unknown,fullpage,http://www.legacyhealth.org/locations/hospitals/legacy-emanuel-medical-center.aspx
10fa11219562e89f,legitimate/legacy_health/unknown/a39f0673/above_fold.png,0,legitimate,Legacy Health,unknown,above_fold,http://www.legacyhealth.org/locations/hospitals/legacy-emanuel-medical-center.aspx
0badcaf540bb4bcb,legitimate/legacy_health/unknown/8598d3bc/desktop.png,0,legitimate,Legacy Health,unknown,desktop,http://www.legacyhealth.org/locations/hospitals/legacy-good-samaritan-medical-center.aspx
dbf990a65a23d683,legitimate/legacy_health/unknown/8598d3bc/mobile.png,0,legitimate,Legacy Health,unknown,mobile,http://www.legacyhealth.org/locations/hospitals/legacy-good-samaritan-medical-center.aspx
ae1ec0a687bdbbee,legitimate/legacy_health/unknown/8598d3bc/fullpage.png,0,legitimate,Legacy Health,unknown,fullpage,http://www.legacyhealth.org/locations/hospitals/legacy-good-samaritan-medical-center.aspx
e59a33c3f58b2f8e,legitimate/legacy_health/unknown/8598d3bc/above_fold.png,0,legitimate,Legacy Health,unknown,above_fold,http://www.legacyhealth.org/locations/hospitals/legacy-good-samaritan-medical-center.aspx
df013caeab4f800f,legitimate/mclean_hospital/homepage/0ae0e2d1/desktop.png,0,legitimate,McLean Hospital,homepage,desktop,http://www.mcleanhospital.org
e9105196d00c565b,legitimate/mclean_hospital/homepage/0ae0e2d1/mobile.png,0,legitimate,McLean Hospital,homepage,mobile,http://www.mcleanhospital.org
dedcab48d8ef8c93,legitimate/mclean_hospital/homepage/0ae0e2d1/fullpage.png,0,legitimate,McLean Hospital,homepage,fullpage,http://www.mcleanhospital.org
9e810375dbd6b426,legitimate/mclean_hospital/homepage/0ae0e2d1/above_fold.png,0,legitimate,McLean Hospital,homepage,above_fold,http://www.mcleanhospital.org
b11d9080aa8f5422,legitimate/mclean_hospital/checkout/91f30454/desktop.png,0,legitimate,McLean Hospital,checkout,desktop,https://www.mcleanhospital.org/cart
15df14553625724c,legitimate/mclean_hospital/checkout/91f30454/fullpage.png,0,legitimate,McLean Hospital,checkout,fullpage,https://www.mcleanhospital.org/cart
a34dcb83e4e682ad,legitimate/mclean_hospital/checkout/91f30454/above_fold.png,0,legitimate,McLean Hospital,checkout,above_fold,https://www.mcleanhospital.org/cart
9121d2bad351fa0f,legitimate/sanford_health/payment/c6b05d77/desktop.png,0,legitimate,Sanford Health,payment,desktop,https://www.sanfordhealth.org/patients-and-visitors/billing-and-insurance/price-estimates#price-transparency
b3e251d35275ff8a,legitimate/sanford_health/payment/c6b05d77/fullpage.png,0,legitimate,Sanford Health,payment,fullpage,https://www.sanfordhealth.org/patients-and-visitors/billing-and-insurance/price-estimates#price-transparency
024dbd27c7e00ee2,legitimate/sanford_health/payment/c6b05d77/above_fold.png,0,legitimate,Sanford Health,payment,above_fold,https://www.sanfordhealth.org/patients-and-visitors/billing-and-insurance/price-estimates#price-transparency
70df8da4357c1373,legitimate/exploratorium/signup/3a67e529/desktop.png,0,legitimate,Exploratorium,signup,desktop,https://www.exploratorium.edu/about/newsletters
07ce7861a4dc6e8d,legitimate/exploratorium/signup/3a67e529/fullpage.png,0,legitimate,Exploratorium,signup,fullpage,https://www.exploratorium.edu/about/newsletters
29737f7f9be00483,legitimate/exploratorium/signup/3a67e529/above_fold.png,0,legitimate,Exploratorium,signup,above_fold,https://www.exploratorium.edu/about/newsletters
f376ea142e6e4161,legitimate/harvard/homepage/c4c05799/desktop.png,0,legitimate,Harvard,homepage,desktop,https://www.harvard.edu
ba2f6e8df85741fb,legitimate/harvard/homepage/c4c05799/mobile.png,0,legitimate,Harvard,homepage,mobile,https://www.harvard.edu
6ae52a3de2c4f453,legitimate/harvard/homepage/c4c05799/fullpage.png,0,legitimate,Harvard,homepage,fullpage,https://www.harvard.edu
0cd86cf908fee51c,legitimate/harvard/homepage/c4c05799/above_fold.png,0,legitimate,Harvard,homepage,above_fold,https://www.harvard.edu
e300b9021fbd6c9b,legitimate/central_connecticut_state_university/signup/f30f55a0/desktop.png,0,legitimate,Central Connecticut State University,signup,desktop,https://www.ccsu.edu/register-classes
1ad2f39efdaf8590,legitimate/central_connecticut_state_university/signup/f30f55a0/fullpage.png,0,legitimate,Central Connecticut State University,signup,fullpage,https://www.ccsu.edu/register-classes
b61627a0306a33b3,legitimate/central_connecticut_state_university/signup/f30f55a0/above_fold.png,0,legitimate,Central Connecticut State University,signup,above_fold,https://www.ccsu.edu/register-classes
6be1bcdb853082e7,legitimate/amazon/checkout/1bd24d86/desktop.png,0,legitimate,Amazon,checkout,desktop,https://www.amazon.com/gp/cart/view.html?ref_=nav_cart
34bd18f2c09242cd,legitimate/amazon/checkout/1bd24d86/fullpage.png,0,legitimate,Amazon,checkout,fullpage,https://www.amazon.com/gp/cart/view.html?ref_=nav_cart
6af0193222ba9a19,legitimate/amazon/checkout/1bd24d86/above_fold.png,0,legitimate,Amazon,checkout,above_fold,https://www.amazon.com/gp/cart/view.html?ref_=nav_cart
be2e108bd103a229,legitimate/apple/payment/e2e65506/desktop.png,0,legitimate,Apple,payment,desktop,https://www.apple.com/us/shop/goto/payment_plan
4cacc2267877fd9c,legitimate/apple/payment/e2e65506/fullpage.png,0,legitimate,Apple,payment,fullpage,https://www.apple.com/us/shop/goto/payment_plan
dc9dd57cc51ca49d,legitimate/apple/payment/e2e65506/above_fold.png,0,legitimate,Apple,payment,above_fold,https://www.apple.com/us/shop/goto/payment_plan
7b5c5e19c0d6072b,legitimate/linkedin/login/c53526a0/desktop.png,0,legitimate,LinkedIn,login,desktop,https://www.linkedin.com
ad7a2c12549bfb20,legitimate/linkedin/login/c53526a0/mobile.png,0,legitimate,LinkedIn,login,mobile,https://www.linkedin.com
721885cb8617b94f,legitimate/linkedin/login/c53526a0/fullpage.png,0,legitimate,LinkedIn,login,fullpage,https://www.linkedin.com
ce3dccfee7b6274c,legitimate/linkedin/login/c53526a0/above_fold.png,0,legitimate,LinkedIn,login,above_fold,https://www.linkedin.com
0928a3dc2473416d,legitimate/linkedin/account/a5437050/desktop.png,0,legitimate,LinkedIn,account,desktop,https://www.linkedin.com/jobs/accounting-jobs-patna?trk=homepage-basic_suggested-search
039f97eaecc8490c,legitimate/linkedin/account/a5437050/above_fold.png,0,legitimate,LinkedIn,account,above_fold,https://www.linkedin.com/jobs/accounting-jobs-patna?trk=homepage-basic_suggested-search
290c40d1f7ed1699,legitimate/github/homepage/996e1f71/desktop.png,0,legitimate,GitHub,homepage,desktop,https://github.com
9cbcd9f47485c8cf,legitimate/github/homepage/996e1f71/mobile.png,0,legitimate,GitHub,homepage,mobile,https://github.com
1f3566b90c78bc6b,legitimate/github/homepage/996e1f71/fullpage.png,0,legitimate,GitHub,homepage,fullpage,https://github.com
74b6b5733adf1314,legitimate/github/homepage/996e1f71/above_fold.png,0,legitimate,GitHub,homepage,above_fold,https://github.com
cdab01a05b18a4da,legitimate/instagram/forgot_password/d70f18c1/desktop.png,0,legitimate,Instagram,forgot_password,desktop,https://www.instagram.com/accounts/password/reset/
716957175d9209f0,legitimate/instagram/forgot_password/d70f18c1/above_fold.png,0,legitimate,Instagram,forgot_password,above_fold,https://www.instagram.com/accounts/password/reset/
da756044659ab3b6,legitimate/x/homepage/4ade82c8/desktop.png,0,legitimate,X,homepage,desktop,https://x.com
cfa23cc0cf0ddd25,legitimate/x/homepage/4ade82c8/mobile.png,0,legitimate,X,homepage,mobile,https://x.com
66e0483a277fb935,legitimate/x/homepage/4ade82c8/fullpage.png,0,legitimate,X,homepage,fullpage,https://x.com
5efcec90e1cfa090,legitimate/x/homepage/4ade82c8/above_fold.png,0,legitimate,X,homepage,above_fold,https://x.com
4b9b276ed9c48fd7,legitimate/zoom/login/07578537/fullpage.png,0,legitimate,Zoom,login,fullpage,https://zoom.us/signin
376b550afcbd464d,legitimate/canva/signup/6216f64e/desktop.png,0,legitimate,Canva,signup,desktop,https://www.canva.com/en_in/signup/
3a80f70c2533296c,legitimate/canva/signup/6216f64e/fullpage.png,0,legitimate,Canva,signup,fullpage,https://www.canva.com/en_in/signup/
d4be5b46dc40e67e,legitimate/canva/signup/6216f64e/above_fold.png,0,legitimate,Canva,signup,above_fold,https://www.canva.com/en_in/signup/
e16ce15242586a1e,legitimate/aws/homepage/c3c2fa44/desktop.png,0,legitimate,AWS,homepage,desktop,https://aws.amazon.com
7208b33bcc0dbdc2,legitimate/aws/homepage/c3c2fa44/mobile.png,0,legitimate,AWS,homepage,mobile,https://aws.amazon.com
eb4dbf1de8938cb3,legitimate/aws/homepage/c3c2fa44/above_fold.png,0,legitimate,AWS,homepage,above_fold,https://aws.amazon.com
762a6b4344134b0b,legitimate/digitalocean/signup/b71fdb2d/desktop.png,0,legitimate,DigitalOcean,signup,desktop,https://www.digitalocean.com/community#iaan
123f7f0649d37be7,legitimate/digitalocean/signup/b71fdb2d/fullpage.png,0,legitimate,DigitalOcean,signup,fullpage,https://www.digitalocean.com/community#iaan
0a53e8ec409694ac,legitimate/digitalocean/signup/b71fdb2d/above_fold.png,0,legitimate,DigitalOcean,signup,above_fold,https://www.digitalocean.com/community#iaan
b9083a7672db7ba8,legitimate/hsbc/account/7432d333/fullpage.png,0,legitimate,HSBC,account,fullpage,https://www.hsbc.co.in/security/?targetAuthLevel=30&destinationURL=/online/dashboard/&__EntryPageParams=returnUrl:https://www.hsbc.co.in/bin/epep/postback.html?url=/secure/dashboard/&rid=21d80f88b86c
943aa96d96ad9afb,legitimate/hsbc/account/7432d333/above_fold.png,0,legitimate,HSBC,account,above_fold,https://www.hsbc.co.in/security/?targetAuthLevel=30&destinationURL=/online/dashboard/&__EntryPageParams=returnUrl:https://www.hsbc.co.in/bin/epep/postback.html?url=/secure/dashboard/&rid=21d80f88b86c
b78010a1f83e15c3,legitimate/barclays/homepage/66c723e0/desktop.png,0,legitimate,Barclays,homepage,desktop,https://www.barclays.co.uk
7d8454290a475a0e,legitimate/barclays/homepage/66c723e0/mobile.png,0,legitimate,Barclays,homepage,mobile,https://www.barclays.co.uk
f0d66932d9a9e8d6,legitimate/barclays/homepage/66c723e0/fullpage.png,0,legitimate,Barclays,homepage,fullpage,https://www.barclays.co.uk
a5af02f0c36106b4,legitimate/barclays/homepage/66c723e0/above_fold.png,0,legitimate,Barclays,homepage,above_fold,https://www.barclays.co.uk
d86caa7a9c4301a0,legitimate/barclays/account/9f0fc408/desktop.png,0,legitimate,Barclays,account,desktop,https://www.barclays.co.uk/smart-investor/accounts/investment-isa/
8f3f4e75d655aa11,legitimate/barclays/account/9f0fc408/fullpage.png,0,legitimate,Barclays,account,fullpage,https://www.barclays.co.uk/smart-investor/accounts/investment-isa/
c21a39ba880759d3,legitimate/barclays/account/9f0fc408/above_fold.png,0,legitimate,Barclays,account,above_fold,https://www.barclays.co.uk/smart-investor/accounts/investment-isa/
bfa6daea146e6894,legitimate/chase/payment/6e566567/desktop.png,0,legitimate,Chase,payment,desktop,https://www.chase.com
f90f1d2160e6baff,legitimate/chase/payment/6e566567/mobile.png,0,legitimate,Chase,payment,mobile,https://www.chase.com
e480a91b30b9ee93,legitimate/chase/payment/6e566567/fullpage.png,0,legitimate,Chase,payment,fullpage,https://www.chase.com
12934ec37b5a1c97,legitimate/chase/payment/6e566567/above_fold.png,0,legitimate,Chase,payment,above_fold,https://www.chase.com
0014f3206a153ed6,legitimate/bank_of_america/login/d03fc0c4/above_fold.png,0,legitimate,Bank of America,login,above_fold,https://www.bankofamerica.com/#
07c963e1fe35fb93,legitimate/bank_of_america/homepage/1b546e0e/desktop.png,0,legitimate,Bank of America,homepage,desktop,https://www.bankofamerica.com
7a7ccd435306b694,legitimate/bank_of_america/homepage/1b546e0e/mobile.png,0,legitimate,Bank of America,homepage,mobile,https://www.bankofamerica.com
7d182b36ab0c6ce8,legitimate/wells_fargo/homepage/bfdae037/desktop.png,0,legitimate,Wells Fargo,homepage,desktop,https://www.wellsfargo.com
1ef19b6366b93935,legitimate/wells_fargo/homepage/bfdae037/mobile.png,0,legitimate,Wells Fargo,homepage,mobile,https://www.wellsfargo.com
6abe94acd9601741,legitimate/wells_fargo/homepage/bfdae037/fullpage.png,0,legitimate,Wells Fargo,homepage,fullpage,https://www.wellsfargo.com
35060d43f7866d2e,legitimate/wells_fargo/homepage/bfdae037/above_fold.png,0,legitimate,Wells Fargo,homepage,above_fold,https://www.wellsfargo.com
f2ae12ef4cef221c,legitimate/wells_fargo/payment/bcdab2ff/desktop.png,0,legitimate,Wells Fargo,payment,desktop,https://www.wellsfargo.com/mobile/payments/
00f127b42ccaa1ab,legitimate/wells_fargo/payment/bcdab2ff/above_fold.png,0,legitimate,Wells Fargo,payment,above_fold,https://www.wellsfargo.com/mobile/payments/
4158aa21831a0bd4,legitimate/digilocker/login/1bf01ebb/desktop.png,0,legitimate,DigiLocker,login,desktop,https://www.digilocker.gov.in/web/signup
f731e70715425b81,legitimate/digilocker/login/1bf01ebb/fullpage.png,0,legitimate,DigiLocker,login,fullpage,https://www.digilocker.gov.in/web/signup
269340d3247bc0f0,legitimate/digilocker/login/1bf01ebb/above_fold.png,0,legitimate,DigiLocker,login,above_fold,https://www.digilocker.gov.in/web/signup
a319184d012a9a64,legitimate/gst/homepage/a1e85056/desktop.png,0,legitimate,GST,homepage,desktop,https://www.gst.gov.in
7ed58ca697f249b4,legitimate/gst/homepage/a1e85056/mobile.png,0,legitimate,GST,homepage,mobile,https://www.gst.gov.in
c2652a2ba971ff07,legitimate/gst/homepage/a1e85056/fullpage.png,0,legitimate,GST,homepage,fullpage,https://www.gst.gov.in
172f45bc27953046,legitimate/gst/homepage/a1e85056/above_fold.png,0,legitimate,GST,homepage,above_fold,https://www.gst.gov.in
0482e443ab861177,legitimate/gst/payment/41c37ee1/desktop.png,0,legitimate,GST,payment,desktop,https://www.gst.gov.in/help/demandRecovery
4df9f81957d56c75,legitimate/gst/payment/41c37ee1/fullpage.png,0,legitimate,GST,payment,fullpage,https://www.gst.gov.in/help/demandRecovery
aa975ee2e1385984,legitimate/gst/payment/41c37ee1/above_fold.png,0,legitimate,GST,payment,above_fold,https://www.gst.gov.in/help/demandRecovery
bf7d354d2ea4fefb,legitimate/irs/homepage/c5b4a167/desktop.png,0,legitimate,IRS,homepage,desktop,https://www.irs.gov
08f333373f428019,legitimate/irs/homepage/c5b4a167/mobile.png,0,legitimate,IRS,homepage,mobile,https://www.irs.gov
0a85d6455fc31318,legitimate/irs/homepage/c5b4a167/fullpage.png,0,legitimate,IRS,homepage,fullpage,https://www.irs.gov
36b98cf0f085ed8e,legitimate/irs/homepage/c5b4a167/above_fold.png,0,legitimate,IRS,homepage,above_fold,https://www.irs.gov
d89a8377d51fe84e,legitimate/irs/signup/b061d734/desktop.png,0,legitimate,IRS,signup,desktop,https://www.irs.gov/your-account
eaedf9eca15822c6,legitimate/irs/signup/b061d734/fullpage.png,0,legitimate,IRS,signup,fullpage,https://www.irs.gov/your-account
15bfe426afa44cf2,legitimate/irs/signup/b061d734/above_fold.png,0,legitimate,IRS,signup,above_fold,https://www.irs.gov/your-account
4be25563511384aa,legitimate/coursera/login/da8e64f4/desktop.png,0,legitimate,Coursera,login,desktop,https://www.coursera.org/#authMode=login
d92cff90742c94e6,legitimate/khan_academy/homepage/26480a14/desktop.png,0,legitimate,Khan Academy,homepage,desktop,https://www.khanacademy.org
a362d6d40c23d2a7,legitimate/khan_academy/homepage/26480a14/mobile.png,0,legitimate,Khan Academy,homepage,mobile,https://www.khanacademy.org
0b5d27e0f034f279,legitimate/khan_academy/homepage/26480a14/fullpage.png,0,legitimate,Khan Academy,homepage,fullpage,https://www.khanacademy.org
6924bb370fdc07ed,legitimate/khan_academy/homepage/26480a14/above_fold.png,0,legitimate,Khan Academy,homepage,above_fold,https://www.khanacademy.org
2ef4a045a5b89766,legitimate/khan_academy/login/563a0964/desktop.png,0,legitimate,Khan Academy,login,desktop,https://www.khanacademy.org/login?continue=%2F
c99d5571a4d873b6,legitimate/khan_academy/login/563a0964/fullpage.png,0,legitimate,Khan Academy,login,fullpage,https://www.khanacademy.org/login?continue=%2F
aec79970d37bc395,legitimate/khan_academy/login/563a0964/above_fold.png,0,legitimate,Khan Academy,login,above_fold,https://www.khanacademy.org/login?continue=%2F
